nome_candidato,codigo_cargo,nome_cargo,numero_candidato,numero_partido
HEITOR RODRIGO PEREIRA FREIRE,6,DEPUTADO FEDERAL,4444,44
NATÁLIA SOARES RIOS,6,DEPUTADO FEDERAL,1232,12
ALANDERSON DE CASTRO MANGUEIRA,6,DEPUTADO FEDERAL,4012,40
MARIA ZULEIDE ALMEIDA DE SOUSA,6,DEPUTADO FEDERAL,3620,36
MARIA GUERRA DE FARIAS,6,DEPUTADO FEDERAL,4011,40
FRANCISCA HELENA FERNANDES FRANCA,6,DEPUTADO FEDERAL,6513,65
DANIEL VICTOR LIMA GONÇALVES,6,DEPUTADO FEDERAL,5517,55
RAIMUNDO ANSELMO LIMA MORORO,6,DEPUTADO FEDERAL,7022,70
EDSON BEZERRA DA COSTA,6,DEPUTADO FEDERAL,4530,45
LEONARDO MÁRCIO SANTOS DE MESQUITA,6,DEPUTADO FEDERAL,3680,36
CLÁUDIO OLIVEIRA LIMA JÚNIOR,6,DEPUTADO FEDERAL,5032,50
MARCIO BATISTA BARBOSA,6,DEPUTADO FEDERAL,1525,15
ANTONIO BATISTA MARQUES,6,DEPUTADO FEDERAL,2256,22
ABRAÃO GOMES DA SILVA,6,DEPUTADO FEDERAL,1023,10
INÁCIO FRANCISCO DE ASSIS NUNES ARRUDA,6,DEPUTADO FEDERAL,6565,65
ANDRÉ FERNANDES DE MOURA,6,DEPUTADO FEDERAL,2222,22
PAULO RUBENS BARBOSA FRANÇA,6,DEPUTADO FEDERAL,5020,50
ROSÉLIA FREITAS MARTINS,6,DEPUTADO FEDERAL,1974,19
MARIA VANESSA SILVA,6,DEPUTADO FEDERAL,4432,44
JOSÉ MOACENY FÉLIX RODRIGUES FILHO,6,DEPUTADO FEDERAL,1515,15
ARTUR CORREIA LIMA NETO,6,DEPUTADO FEDERAL,9001,90
VICENTE CLAUDIO DE MOURA,6,DEPUTADO FEDERAL,3690,36
NAUMI GOMES DE AMORIM,6,DEPUTADO FEDERAL,5500,55
FRANCISCO PEREIRA GAMA,6,DEPUTADO FEDERAL,4055,40
CAETANO GUEDES NETO,6,DEPUTADO FEDERAL,4440,44
LÍVIA MOURA ROSADO KALUME REIS,6,DEPUTADO FEDERAL,7020,70
RENATO CÉLIO CHAVES RODRIGUES,6,DEPUTADO FEDERAL,4013,40
MARIA DE FÁTIMA COSTA CAVALCANTE,6,DEPUTADO FEDERAL,5188,51
FRANCISCA FATIMA DE OLIVEIRA MOTA SILVA,6,DEPUTADO FEDERAL,1002,10
ANTONIO AUGUSTO FIGUEIREDO LIMA FILHO,6,DEPUTADO FEDERAL,4554,45
ERLAN MARTINS DOS SANTOS,6,DEPUTADO FEDERAL,1020,10
MARIA DO ROSÁRIO RAMALHO GARCIA,6,DEPUTADO FEDERAL,1222,12
ANDRÉ PEIXOTO FIGUEIREDO LIMA,6,DEPUTADO FEDERAL,1234,12
VALDERLAN ALVES DE SOUZA,6,DEPUTADO FEDERAL,4411,44
VILMAR DUARTE LEITE,6,DEPUTADO FEDERAL,2208,22
CARLOS MAURO BENEVIDES FILHO,6,DEPUTADO FEDERAL,1221,12
PEDRO RIBEIRO FILHO,6,DEPUTADO FEDERAL,4412,44
MARIA LINDETE DA SILVA BARROSO,6,DEPUTADO FEDERAL,1567,15
MANOEL ALVES DE OLIVEIRA,6,DEPUTADO FEDERAL,9000,90
IANNA FERNANDES DE ALMEIDA BRANDÃO,6,DEPUTADO FEDERAL,1285,12
MARIA ELIONEIDE RABELO,6,DEPUTADO FEDERAL,2088,20
ELIAS MARTINS GOMES,6,DEPUTADO FEDERAL,1944,19
MATHEUS SOARES NORONHA,6,DEPUTADO FEDERAL,2299,22
FRANCISCO FABIANO CLAUDIANO DE OLIVEIRA,6,DEPUTADO FEDERAL,1520,15
ELISABETH BARBOSA MOREIRA,6,DEPUTADO FEDERAL,1977,19
CÉSAR FLÔR FRANCO,6,DEPUTADO FEDERAL,5177,51
LINIK SUED CARVALHO DA MOTA,6,DEPUTADO FEDERAL,8080,80
JOSÉ SUDERLAN DE CASTRO LIMA,6,DEPUTADO FEDERAL,3389,33
EVANDRO FURTADO DE LIMA,6,DEPUTADO FEDERAL,1407,14
BENJAMIM BEZERRA DE MENEZES NETO,6,DEPUTADO FEDERAL,1422,14
REGINA CLÁUDIA TABOSA FERREIRA GOMES,6,DEPUTADO FEDERAL,4555,45
MARIA DE FÁTIMA BEZERRA SILVA,6,DEPUTADO FEDERAL,3610,36
ADRIELLY DE PAULA TEIXEIRA,6,DEPUTADO FEDERAL,1245,12
ANTONIO GUEDES CAVALCANTE JÚNIOR,6,DEPUTADO FEDERAL,5123,51
RAYANA MARIA MILEM GUERRA,6,DEPUTADO FEDERAL,1470,14
SAMUEL LIMA PAULO DO RAMO,6,DEPUTADO FEDERAL,3000,30
MORONI BING TORGAN,6,DEPUTADO FEDERAL,2323,23
LUISA GONÇALVES DA SILVA,6,DEPUTADO FEDERAL,4004,40
INÊS DE MELO BRITO,6,DEPUTADO FEDERAL,1955,19
FRANCISCO ANTONIO DO CARMO,6,DEPUTADO FEDERAL,1190,11
FRANCISCO WILSON PEREIRA FILHO,6,DEPUTADO FEDERAL,1973,19
MOSES HAENDEL MELO RODRIGUES,6,DEPUTADO FEDERAL,4488,44
DAMIÃO AMÂNCIO DA SILVA,6,DEPUTADO FEDERAL,5099,50
ALANA MARIA VITORINO ROCHA,6,DEPUTADO FEDERAL,3300,33
DANIELE PIMENTEL DE OLIVEIRA,6,DEPUTADO FEDERAL,4077,40
VERISSIMO DOS SANTOS FREITAS,6,DEPUTADO FEDERAL,1030,10
LUIZ CARLOS CARDOSO DO NASCIMENTO JUNIOR,6,DEPUTADO FEDERAL,4400,44
REPUBLICANOS,6,DEPUTADO FEDERAL,10,10
Partido Democrático Trabalhista,6,DEPUTADO FEDERAL,12,12
Partido dos Trabalhadores,6,DEPUTADO FEDERAL,13,13
Movimento Democrático Brasileiro,6,DEPUTADO FEDERAL,15,15
PROGRESSISTAS,6,DEPUTADO FEDERAL,11,11
Partido Social Democrático,6,DEPUTADO FEDERAL,55,55
Partido Liberal,6,DEPUTADO FEDERAL,22,22
Partido Comunista do Brasil,6,DEPUTADO FEDERAL,65,65
Partido da Mobilização Nacional,6,DEPUTADO FEDERAL,33,33
UNIÃO BRASIL,6,DEPUTADO FEDERAL,44,44
Cidadania,6,DEPUTADO FEDERAL,23,23
Partido Social Cristão,6,DEPUTADO FEDERAL,20,20
Partido da Social Democracia Brasileira,6,DEPUTADO FEDERAL,45,45
Partido Socialismo e Liberdade,6,DEPUTADO FEDERAL,50,50
Patriota,6,DEPUTADO FEDERAL,51,51
Partido Trabalhista Brasileiro,6,DEPUTADO FEDERAL,14,14
AVANTE,6,DEPUTADO FEDERAL,70,70
MARIA SANDRA DE FREITAS,6,DEPUTADO FEDERAL,2080,20
EDWEYNE MARTINS,6,DEPUTADO FEDERAL,1600,16
Partido Socialista dos Trabalhadores Unificado,6,DEPUTADO FEDERAL,16,16
Podemos,6,DEPUTADO FEDERAL,19,19
LUZILANE DE SOUZA SILVA,6,DEPUTADO FEDERAL,1499,14
Partido Socialista Brasileiro,6,DEPUTADO FEDERAL,40,40
MARIA DE LOURDES PAZ FELIX,6,DEPUTADO FEDERAL,1311,13
JOSÉ AIRTON MACEDO DE SOUSA,6,DEPUTADO FEDERAL,1425,14
AGIR,6,DEPUTADO FEDERAL,36,36
MAYRA ISABEL CORREIA PINHEIRO,6,DEPUTADO FEDERAL,2200,22
Partido da Mulher Brasileira,6,DEPUTADO FEDERAL,35,35
Partido Verde,6,DEPUTADO FEDERAL,43,43
JOSÉ DENÍSIO PINHEIRO,6,DEPUTADO FEDERAL,4567,45
EMANUEL MAIA MOTA,6,DEPUTADO FEDERAL,5599,55
MARIA HENRIQUE DA SILVA SOUSA,6,DEPUTADO FEDERAL,1512,15
Partido da Causa Operária,6,DEPUTADO FEDERAL,29,29
Partido Comunista Brasileiro,6,DEPUTADO FEDERAL,21,21
MARIA ISLANDIA DA COSTA ROCHA,6,DEPUTADO FEDERAL,4001,40
FRANCISCO NELHO BEZERRA,6,DEPUTADO FEDERAL,4406,44
EMMANUEL DE SOUSA AGUIAR,6,DEPUTADO FEDERAL,1907,19
Rede Sustentabilidade,6,DEPUTADO FEDERAL,18,18
Unidade Popular,6,DEPUTADO FEDERAL,80,80
Partido Novo,6,DEPUTADO FEDERAL,30,30
CARLOS ALBERTO ALVES ROCHA,6,DEPUTADO FEDERAL,1177,11
SEBASTIÃO GLEIDISTON DE SOUSA PAIVA,6,DEPUTADO FEDERAL,1900,19
CELSO FARIAS FERREIRA,6,DEPUTADO FEDERAL,1326,13
ANTONIO ADILSON EUFRASINO DE PINHO,6,DEPUTADO FEDERAL,9090,90
EVANDRO DA SILVA PONTES,6,DEPUTADO FEDERAL,3323,33
Partido Republicano da Ordem Social,6,DEPUTADO FEDERAL,90,90
ANTONIO JOSÉ AGUIAR ALBUQUERQUE,6,DEPUTADO FEDERAL,1111,11
ANA VALÉRIA ALMEIDA DE BRITO,6,DEPUTADO FEDERAL,4564,45
JULIERME LIMA DE SENA,6,DEPUTADO FEDERAL,4422,44
MARIA JULIANA DE LIMA COUTINHO,6,DEPUTADO FEDERAL,2020,20
ANTONIA JANE MARIA DO VALE MAIA,6,DEPUTADO FEDERAL,4522,45
VERONICA DO AMARAL MADEIRO BATISTA,6,DEPUTADO FEDERAL,2227,22
ERACISO DE OLIVEIRA BRAGA,6,DEPUTADO FEDERAL,5144,51
FRANCISCO ANTÔNIO PEREIRA GOMES,6,DEPUTADO FEDERAL,7040,70
RAFAEL AURELIANO GONÇALVES BRANCO,6,DEPUTADO FEDERAL,1100,11
DEAN DIAS DE ALMEIDA,6,DEPUTADO FEDERAL,1439,14
AGRIPINO RODRIGUES GOMES MAGALHAES,6,DEPUTADO FEDERAL,4433,44
DANIELE LINO MAGALHÃES,6,DEPUTADO FEDERAL,1445,14
FRANCISCO HERMANO LEANDRO DA SILVA GOMES,6,DEPUTADO FEDERAL,7060,70
JUCILENE FERREIRA DE SOUSA,6,DEPUTADO FEDERAL,3570,35
COSME DO VALE AQUINO,6,DEPUTADO FEDERAL,1369,13
ROSA STEFANIA MARINHO GOMES RODRIGUES,6,DEPUTADO FEDERAL,1011,10
JANAÍNA ARAUJO DE OLIVEIRA,6,DEPUTADO FEDERAL,5000,50
MARIA DALILA DE SOUZA FERNANDES,6,DEPUTADO FEDERAL,7090,70
YURY BRUNO ALENCAR ARAÚJO,6,DEPUTADO FEDERAL,2211,22
AILTON CLAÉCIO LOPES DANTAS,6,DEPUTADO FEDERAL,5050,50
RONALDO MANCHADO MARTINS,6,DEPUTADO FEDERAL,1010,10
DAYANY BITTENCOURT SANTIL,6,DEPUTADO FEDERAL,4456,44
JOSÉ LEÔNIDAS DE MENEZES CRISTINO,6,DEPUTADO FEDERAL,1212,12
JOSE LISBOA DA SILVA,6,DEPUTADO FEDERAL,1171,11
SAMILA BRAGA CAVALCANTE,6,DEPUTADO FEDERAL,4499,44
ANTONIO CESAR DO NASCIMENTO SOUSA,6,DEPUTADO FEDERAL,5121,51
LUCIVANIA RODRIGUES,6,DEPUTADO FEDERAL,7099,70
CLÁUDIO SARMENTO AMADO,6,DEPUTADO FEDERAL,5110,51
FRANCISCO ANTONIO FERREIRA LOPES,6,DEPUTADO FEDERAL,1323,13
JOSE AIRTON FELIX CIRILO DA SILVA,6,DEPUTADO FEDERAL,1333,13
JOICIANA SOUSA MATOS CANUTO,6,DEPUTADO FEDERAL,1924,19
ROSA MARIA MOURA ROCHA,6,DEPUTADO FEDERAL,5501,55
FRANCISCO DAS CHAGAS RODRIGUES ALVES,6,DEPUTADO FEDERAL,2225,22
NAPOLEÃO DE VASCONCELOS MONTE,6,DEPUTADO FEDERAL,1093,10
JOSÉ ARNON CRUZ BEZERRA DE MENEZES,6,DEPUTADO FEDERAL,1251,12
MARIGESIO MOURA DA SILVA,6,DEPUTADO FEDERAL,1456,14
CARLOS ALBERTO GUILHERME CAVALCANTE FILHO,6,DEPUTADO FEDERAL,5111,51
ANDERSON PEROBA GOMES,6,DEPUTADO FEDERAL,2300,23
ANDREA MAIA LANDIM,6,DEPUTADO FEDERAL,4029,40
TADEU MAGELA DE OLIVEIRA,6,DEPUTADO FEDERAL,2244,22
RAMSÉS SERRA,6,DEPUTADO FEDERAL,1099,10
FRANCISCO ALAN DE AMORIM QUINTELA,6,DEPUTADO FEDERAL,5080,50
HILTON JOSE DE SOUSA,6,DEPUTADO FEDERAL,1300,13
MARÍLIA FREIRE PAIVA,6,DEPUTADO FEDERAL,4088,40
MARCIO BARROS MAIA,6,DEPUTADO FEDERAL,3500,35
FRANCISCO DANILO BASTOS FORTE,6,DEPUTADO FEDERAL,4447,44
OTAVIO LEITE LUSTOSA FILHO,6,DEPUTADO FEDERAL,2011,20
RAIMUNDO MARCELO CARVALHO DA SILVA,6,DEPUTADO FEDERAL,4343,43
ANA PAULA BRANDÃO DA SILVA FARIAS,6,DEPUTADO FEDERAL,1292,12
ANTONIO AGINALDO DE OLIVEIRA,6,DEPUTADO FEDERAL,2210,22
GIOVANNI SAMPAIO GONDIM,6,DEPUTADO FEDERAL,5557,55
ANDRÉ LUIZ BARBOSA AZEVEDO,6,DEPUTADO FEDERAL,2033,20
CLEONICE PEREIRA DE SOUSA,6,DEPUTADO FEDERAL,5030,50
JESSICA CARVALHO FREITAS,6,DEPUTADO FEDERAL,2010,20
AIRTON DA SILVA,6,DEPUTADO FEDERAL,7033,70
PEDRO WILSON DE SOUSA OLIVEIRA,6,DEPUTADO FEDERAL,5078,50
MARIANA DA SILVA CAVALCANTI,6,DEPUTADO FEDERAL,4321,43
ELAYNE SILVA CARVALHO,6,DEPUTADO FEDERAL,1269,12
MARIA DAS GRAÇAS COSTA,6,DEPUTADO FEDERAL,1314,13
CIRO ALBUQUERQUE MARQUES,6,DEPUTADO FEDERAL,7069,70
SUZANE VIANA MOREIRA,6,DEPUTADO FEDERAL,9017,90
NUBIA LAFAIETE GONCALVES DA SILVA,6,DEPUTADO FEDERAL,3511,35
NOELIO DA ROCHA OLIVEIRA,6,DEPUTADO FEDERAL,4490,44
FRANCISCA ELIANE BRAZ DE CARVALHO,6,DEPUTADO FEDERAL,5588,55
DAMIAO SOARES TENORIO,6,DEPUTADO FEDERAL,4445,44
ISRAEL FROTA DE OLIVEIRA,6,DEPUTADO FEDERAL,2012,20
MARIA OGERLANIA FREITAS RAULINO,6,DEPUTADO FEDERAL,2070,20
JOSE DANIEL FERREIRA FONTENELE,6,DEPUTADO FEDERAL,1926,19
FRANCISCO EDIVAN NONATO DA SILVA,6,DEPUTADO FEDERAL,7000,70
LEDA VASCONCELOS CARVALHO,6,DEPUTADO FEDERAL,1331,13
MAX SWELL VERAS RIBEIRO,6,DEPUTADO FEDERAL,1399,13
JOSÉ IVAN CARNEIRO,6,DEPUTADO FEDERAL,3612,36
ALÍPIO RODRIGUES DE OLIVEIRA NETO,6,DEPUTADO FEDERAL,4099,40
EWERTON LACERDA SANTANA,6,DEPUTADO FEDERAL,1566,15
FRANCISCO EVANDO DELFINO MARREIRO,6,DEPUTADO FEDERAL,4020,40
HELIO VENTURA DE OLIVEIRA FILHO,6,DEPUTADO FEDERAL,4441,44
ADRIANO PEREIRA DA ROCHA,6,DEPUTADO FEDERAL,1918,19
RITA DE CÁSSIA FERREIRA,6,DEPUTADO FEDERAL,1450,14
PRISCILA BEZERRA DA COSTA,6,DEPUTADO FEDERAL,2288,22
FRANCISCO NILSON ALVES DINIZ,6,DEPUTADO FEDERAL,1299,12
FRANCISCO CÉSAR NOGUEIRA DA SILVA,6,DEPUTADO FEDERAL,1513,15
FERNANDA ENEIDA PESSOA CARACAS DE SOUZA,6,DEPUTADO FEDERAL,4477,44
FRANCISCO DE ASSIS CAVALCANTE NOGUEIRA,6,DEPUTADO FEDERAL,2201,22
FABIANO MAGALHÃES DE MESQUITA,6,DEPUTADO FEDERAL,5515,55
BEATRIZ FELIPE BRAGA,6,DEPUTADO FEDERAL,1551,15
MAYA ELIZ SOUSA LIMA,6,DEPUTADO FEDERAL,5007,50
ANA LIDIA RODRIGUES LIMA,6,DEPUTADO FEDERAL,5044,50
DENIS ANDERSON DA ROCHA BEZERRA,6,DEPUTADO FEDERAL,4000,40
LINO ALVES DE ALMEIDA,6,DEPUTADO FEDERAL,2929,29
RONALDO VIEIRA DA SILVA,6,DEPUTADO FEDERAL,5118,51
ELINETE TORRES DA SILVA,6,DEPUTADO FEDERAL,1113,11
JAQUELINE ALVES DANTAS,6,DEPUTADO FEDERAL,5578,55
ADAIL FERNANDES VIEIRA JUNIOR,6,DEPUTADO FEDERAL,1277,12
ANNA KARINA CAVALCANTE DE OLIVEIRA,6,DEPUTADO FEDERAL,5005,50
RAIMUNDO GOMES FARIAS,6,DEPUTADO FEDERAL,1112,11
CARLOS ANTONIO MARTINS MORAIS,6,DEPUTADO FEDERAL,3588,35
MARIA JOSÉ MAIA,6,DEPUTADO FEDERAL,5577,55
ORIEL MOTA FILHO,6,DEPUTADO FEDERAL,1455,14
FRANCISCO WAGNER LOBO PEREIRA,6,DEPUTADO FEDERAL,1090,10
REJANE PINHEIRO JARDELINO,6,DEPUTADO FEDERAL,1319,13
DIMAS MATIAS DA SILVA,6,DEPUTADO FEDERAL,7080,70
JORDANIA MARIA ALVES DE OLIVEIRA,6,DEPUTADO FEDERAL,1444,14
ISABEL MARIA SILVA BRAGA,6,DEPUTADO FEDERAL,5575,55
FRANCISCO WILTON DE ALMEIDA,6,DEPUTADO FEDERAL,4545,45
ESMERALDA ROBERTO DE SOUSA LIMA,6,DEPUTADO FEDERAL,1544,15
JOÃO LUIZ FELIPE PINHEIRO,6,DEPUTADO FEDERAL,1923,19
JOSÉ WILSON DE MELO,6,DEPUTADO FEDERAL,7013,70
CLÁUDIA CRISTINA DOS SANTOS SANO,6,DEPUTADO FEDERAL,2313,23
SAMUEL CORREIA DA SILVA,6,DEPUTADO FEDERAL,1502,15
JOSE GERALDO ARAUJO CORREIA,6,DEPUTADO FEDERAL,4568,45
JOSÉ TARSO MAGNO TEIXEIRA DA SILVA,6,DEPUTADO FEDERAL,1123,11
CAMILLA RAQUEL LEITE DE OLIVEIRA GARCIA,6,DEPUTADO FEDERAL,3600,36
FRANCISCO REGINALDO MOREIRA GOMES,6,DEPUTADO FEDERAL,1429,14
MAXWELLMA FRANCO VIEIRA,6,DEPUTADO FEDERAL,3310,33
AIRTON GLEISSON TEIXEIRA LIMA,6,DEPUTADO FEDERAL,5010,50
FRANCY AMANDA SOARES CORREIA,6,DEPUTADO FEDERAL,1511,15
RAIMUNDO GERSON DOS SANTOS LIMA,6,DEPUTADO FEDERAL,4512,45
CARLOS MAGNO DE ALMEIDA,6,DEPUTADO FEDERAL,5115,51
EMANUELLE SANTOS CARNEIRO SILVA,6,DEPUTADO FEDERAL,1055,10
FRANCISCO FEITOSA DE ALBUQUERQUE LIMA,6,DEPUTADO FEDERAL,4599,45
FRANCISCO MAURICIO DA COSTA,6,DEPUTADO FEDERAL,9088,90
CHISTIANNE MARIA GOMES DE FREITAS,6,DEPUTADO FEDERAL,3535,35
POLLYANNA KELLY RIBEIRO DE LIMA,6,DEPUTADO FEDERAL,1569,15
GABRIEL LIMA DE AGUIAR,6,DEPUTADO FEDERAL,5055,50
ELANIO PEREIRA DE SOUZA,6,DEPUTADO FEDERAL,3622,36
FLÁVIO ROBERTO FERREIRA VAZ,6,DEPUTADO FEDERAL,1215,12
ANTONIO IDILVAN DE LIMA ALENCAR,6,DEPUTADO FEDERAL,1213,12
GERALDO AMANCIO PEREIRA,6,DEPUTADO FEDERAL,5567,55
ANTÔNIO PIERRE AGUIAR NETO,6,DEPUTADO FEDERAL,7044,70
ELIANE FRANÇA FERREIRA,6,DEPUTADO FEDERAL,2023,20
EDUARDO HENRIQUE MAIA BISMARCK,6,DEPUTADO FEDERAL,1214,12
MICHAEL GANDHI MONTEIRO DOS SANTOS,6,DEPUTADO FEDERAL,1599,15
SUENY RABELO DANTAS,6,DEPUTADO FEDERAL,1441,14
ELIESIO ROCHA ADRIANO,6,DEPUTADO FEDERAL,5590,55
MARCOS NAUBER FERREIRA ESTACIO,6,DEPUTADO FEDERAL,4044,40
JOSÉ IZAIAS NEPOMUCENO DE CARVALHO,6,DEPUTADO FEDERAL,1920,19
DIANA HELENA SOARES ROCHA MARINHO SARAIVA,6,DEPUTADO FEDERAL,1933,19
PAULO EMILIO CORDEIRO CAMPOS,6,DEPUTADO FEDERAL,1353,13
MARIA CELIA FERREIRA LOPES DUARTE,6,DEPUTADO FEDERAL,1478,14
MARIA ELIANE DO NASCIMENTO CRUZ,6,DEPUTADO FEDERAL,2207,22
CARLOS ALBERTO FELIX CAVALCANTE,6,DEPUTADO FEDERAL,3555,35
EDVAN NOGUEIRA BERNARDINO,6,DEPUTADO FEDERAL,3640,36
FRANCISCO JOSE DE CARVALHO FERREIRA,6,DEPUTADO FEDERAL,2015,20
ROSILANE DE SOUSA SILVA,6,DEPUTADO FEDERAL,5151,51
ADRIANA ALBUQUERQUE DOS SANTOS,6,DEPUTADO FEDERAL,1896,18
BRUNO HOLANDA DOS SANTOS,6,DEPUTADO FEDERAL,1414,14
MARIA DO SOCORRO SANTOS DA SILVA,6,DEPUTADO FEDERAL,2055,20
FRANCISCO ROBERTO DOS SANTOS,6,DEPUTADO FEDERAL,2123,21
RAPHAEL STHEFESON COSTA FONTENELE,6,DEPUTADO FEDERAL,1922,19
FRANCISCA IDALBA TEIXEIRA DE OLIVEIRA,6,DEPUTADO FEDERAL,9087,90
GABRIEL LEANDRO CABRAL DE OLIVEIRA,6,DEPUTADO FEDERAL,9038,90
JOSÉ ALEXANDRE OLIVEIRA SOBREIRA,6,DEPUTADO FEDERAL,7070,70
LURDENIS DE ALENCAR VIEIRA,6,DEPUTADO FEDERAL,7012,70
PAULO ROMERITO DE ARAUJO MONTENEGRO,6,DEPUTADO FEDERAL,4565,45
VICENCIA LEANDRO PINHEIRO,6,DEPUTADO FEDERAL,3333,33
JOSÉ MONTEIRO PRIMO DA PAZ,6,DEPUTADO FEDERAL,7030,70
CICERO JOHNNY ALVES MOTA,6,DEPUTADO FEDERAL,1888,18
MARIA CLEANES DA SILVA,6,DEPUTADO FEDERAL,7088,70
LUIZ CLAUDIO ALVES BRITO,6,DEPUTADO FEDERAL,1556,15
PAULO HENRIQUE DA SILVA LEÃO,6,DEPUTADO FEDERAL,5544,55
ALZERMIRIAN ALVES FREITAS,6,DEPUTADO FEDERAL,5169,51
FRANCISCO GUEDES DA SILVA JÚNIOR,6,DEPUTADO FEDERAL,2040,20
FRANCISCO RODRIGO DE MATOS DE SOUZA,6,DEPUTADO FEDERAL,1016,10
HUGO CEZAR DAMASCENO DE SOUSA,6,DEPUTADO FEDERAL,9014,90
GABRIELLA PAIVA DOS SANTOS,6,DEPUTADO FEDERAL,1044,10
MARIA AURI AMORIM DE PAULA,6,DEPUTADO FEDERAL,7055,70
RONDINELLE PEREIRA DE FREITAS,6,DEPUTADO FEDERAL,1522,15
CARLOS EDUARDO MARTINS TORRES,6,DEPUTADO FEDERAL,7007,70
EDNA FRANCISCA DO NASCIMENTO,6,DEPUTADO FEDERAL,1303,13
FRANCISCA MARIA FREIRE ALBANO,6,DEPUTADO FEDERAL,4511,45
STEPHAN GOMES DE CARVALHO,6,DEPUTADO FEDERAL,1145,11
PAULO SALAZAR PRIMO JUNIOR,6,DEPUTADO FEDERAL,4085,40
FRANCISCO DERIVALDO GONÇALVES LIMA,6,DEPUTADO FEDERAL,2220,22
ANTONIO NIERTON QUEIROZ GUERRA,6,DEPUTADO FEDERAL,5133,51
CARLOS MATOS LIMA,6,DEPUTADO FEDERAL,4410,44
CARLOS ANDRÉ SOARES FERNANDES,6,DEPUTADO FEDERAL,3615,36
EDUARDO DA SILVA DOS SANTOS,6,DEPUTADO FEDERAL,1415,14
MARIA EDIVANIA VIEIRA DA SILVA,6,DEPUTADO FEDERAL,2100,21
JULIO BRIZZI NETO,6,DEPUTADO FEDERAL,1201,12
DOMINGOS GOMES DE AGUIAR NETO,6,DEPUTADO FEDERAL,5555,55
IZAURA TAVARES SOARES,6,DEPUTADO FEDERAL,4420,44
JOÃO ALFREDO TELLES MELO,6,DEPUTADO FEDERAL,5001,50
LUCIANO DE MELO SOUSA,6,DEPUTADO FEDERAL,5512,55
CARLOS KENNEDY ALMEIDA LOPES,6,DEPUTADO FEDERAL,9013,90
CÉLIO STUDART BARBOSA,6,DEPUTADO FEDERAL,5511,55
ANTONIO ILTON DE SOUSA CASTRO,6,DEPUTADO FEDERAL,1447,14
CELSO DOS SANTOS,6,DEPUTADO FEDERAL,2266,22
EMANUELLA DE OLIVEIRA ALVES,6,DEPUTADO FEDERAL,4510,45
FRANCISCO DANIEL TEIXEIRA BALBINO,6,DEPUTADO FEDERAL,4090,40
EDUARDO ANDRÉ MAGALHÃES TELES,6,DEPUTADO FEDERAL,4022,40
JOSE GENIVAL DE SOUSA SILVA,6,DEPUTADO FEDERAL,2044,20
ROBERTA MENEZES SOUSA,6,DEPUTADO FEDERAL,5088,50
ADRIANA ALVES LUCIO,6,DEPUTADO FEDERAL,5199,51
CRISTIANO ALMEIDA NUNES,6,DEPUTADO FEDERAL,5060,50
JOSE NOBRE GUIMARAES,6,DEPUTADO FEDERAL,1322,13
JAZIEL PEREIRA DE SOUSA,6,DEPUTADO FEDERAL,2277,22
RAIMUNDO FLÁVIO FERREIRA FRANÇA,6,DEPUTADO FEDERAL,3636,36
ROZANE DIAS DE SENA,6,DEPUTADO FEDERAL,9026,90
ELIENE COUTO CAMPELO,6,DEPUTADO FEDERAL,1199,11
LUIZ GASTÃO BITTENCOURT DA SILVA,6,DEPUTADO FEDERAL,5533,55
ANTONIA GUEDES CABRAL AGUIAR ROCHA,6,DEPUTADO FEDERAL,1818,18
ANTONIO CARLOS ALENCAR REBOUÇAS,6,DEPUTADO FEDERAL,1477,14
WILLIAMS DA SILVA BORGES,6,DEPUTADO FEDERAL,3556,35
JOÃO VERÍSSIMO DE MORAIS NETO,6,DEPUTADO FEDERAL,7089,70
JOSÉ MARIA DO NASCIMENTO,6,DEPUTADO FEDERAL,7001,70
MARIA GORETE PEREIRA,6,DEPUTADO FEDERAL,2233,22
ABRAÃO LUCAS CORDEIRO DOS SANTOS,6,DEPUTADO FEDERAL,1516,15
MARCOS ROBÉRIO RIBEIRO MONTEIRO,6,DEPUTADO FEDERAL,1233,12
DANIELE PEREIRA DO NASCIMENTO FORTES CASTELO BRANCO,6,DEPUTADO FEDERAL,3303,33
LUHANNA URYA MACIEL BEZERRA,6,DEPUTADO FEDERAL,1188,11
CARLOS EMANUEL ARAUJO MENDONÇA DE ALENCAR,6,DEPUTADO FEDERAL,4578,45
IVAN GONÇALVES LEITE,6,DEPUTADO FEDERAL,1577,15
JOSÉ IRAPUAN DE MEDEIROS,6,DEPUTADO FEDERAL,3696,36
ANA MARIA MARTINS SANTOS,6,DEPUTADO FEDERAL,5120,51
RODRIGO DOS SANTOS BESERRA,6,DEPUTADO FEDERAL,1033,10
FRANCISCO SERGIO PIRES MONTENEGRO,6,DEPUTADO FEDERAL,2077,20
LUIZIANNE DE OLIVEIRA LINS,6,DEPUTADO FEDERAL,1313,13
KARLA PATRICIA MATOS CORREIA,6,DEPUTADO FEDERAL,4466,44
VOTO NULO,6,DEPUTADO FEDERAL,96,96
REGINA MAURA VILLELA BARBOZA,6,DEPUTADO FEDERAL,1588,15
RAIMUNDO NONATO DA ROCHA FRANCO,6,DEPUTADO FEDERAL,5098,50
FRANCISCO JOZIVAN FELIPE,6,DEPUTADO FEDERAL,3633,36
JANEDSON BRAGA DA SILVA,6,DEPUTADO FEDERAL,9070,90
VOTO BRANCO,6,DEPUTADO FEDERAL,95,95
MARCOS ANTONIO MORAES LIMA,6,DEPUTADO FEDERAL,5522,55
ADELITTA MONTEIRO NUNES,6,DEPUTADO FEDERAL,5013,50
MANOEL PARENTE DE HOLANDA,6,DEPUTADO FEDERAL,3550,35
FRANCISCA OZILENE PEREIRA NOGUEIRA CARVALHO,6,DEPUTADO FEDERAL,3660,36
KARINA CORDEIRO DE SOUZA RODRIGUES,6,DEPUTADO FEDERAL,1252,12
EDINA NOGUEIRA DE CASTRO ROCHA,6,DEPUTADO FEDERAL,1433,14
KELVYA COSTA ALBUQUERQUE,6,DEPUTADO FEDERAL,5566,55
ELZA MARIA BARBOSA ALVES,6,DEPUTADO FEDERAL,4051,40
MARIA CRERINEUMA DE OLIVEIRA SILVA,6,DEPUTADO FEDERAL,1255,12
CRISTIANE COLARES MUNIZ,6,DEPUTADO FEDERAL,1013,10
CHRISTIANNE MARIE AGUIAR COELHO,6,DEPUTADO FEDERAL,1321,13
FELIPE MONTEIRO ANDRADE ARAÚJO,6,DEPUTADO FEDERAL,1012,10
REJANE LUZIA OLIVEIRA DE SOUZA,6,DEPUTADO FEDERAL,4489,44
MARCOS ANTÔNIO DE ARAÚJO MENDONÇA,6,DEPUTADO FEDERAL,7011,70
JOSÉ VALBERTO LEITE ESMERALDO,6,DEPUTADO FEDERAL,7078,70
MAURO LÚCIO SIMÕES COSTA,6,DEPUTADO FEDERAL,1412,14
VANESSA FALCÃO DE SOUZA CASTELO LIMA,6,DEPUTADO FEDERAL,1000,10
LEONIDES AZEVEDO CAVALCANTE,6,DEPUTADO FEDERAL,4003,40
JOSÉ ERONILDO NARCISO DA SILVA,6,DEPUTADO FEDERAL,1531,15
REGINA CELLE DE BRITO TAVARES,6,DEPUTADO FEDERAL,9060,90
PEDRO SÉRGIO TEIXEIRA DANTAS,6,DEPUTADO FEDERAL,1122,11
TERESINHA DA SILVA FERREIRA,6,DEPUTADO FEDERAL,4533,45
FRANCISCO CARLOS MACEDO TAVARES,6,DEPUTADO FEDERAL,4040,40
RAIMUNDO MAGALHÃES FARIAS,6,DEPUTADO FEDERAL,1901,19
ADRIANA DE ARAÚJO FERREIRA,6,DEPUTADO FEDERAL,3688,36
PAULO DE TARSO FACO BEZERRA,6,DEPUTADO FEDERAL,4010,40
JOÃO PAULO LOPES DOS SANTOS,6,DEPUTADO FEDERAL,3378,33
REGINA DUARTE DA SILVA,6,DEPUTADO FEDERAL,2069,20
JOSÉ GERALDO DE QUEIROS,6,DEPUTADO FEDERAL,1400,14
XISTO SOARES DE OLIVEIRA,6,DEPUTADO FEDERAL,1133,11
CICERO MARCIO BRITO DE OLIVEIRA,6,DEPUTADO FEDERAL,4080,40
MÔNICA SILVA SANTOS DE SOUSA,6,DEPUTADO FEDERAL,7077,70
FRANCISCO FARIAS DO RÊGO,6,DEPUTADO FEDERAL,5100,51
VALMIR DOS SANTOS SILVA,6,DEPUTADO FEDERAL,9010,90
AURELIO JOSÉ JARDIM JERÔNIMO,6,DEPUTADO FEDERAL,3380,33
HEITOR CLAUDIO PORTELA DE HOLANDA,6,DEPUTADO FEDERAL,4050,40
LINDOMAR BARBOSA DE MESQUITA,6,DEPUTADO FEDERAL,5122,51
WASHINGTON SABOIA VITORINO,6,DEPUTADO FEDERAL,4033,40
ÉRICO JOVINO SALES,6,DEPUTADO FEDERAL,1500,15
CICERO ANTÔNIO PINHEIRO DOS SANTOS,6,DEPUTADO FEDERAL,1580,15
THIAGO ARAGÃO ESMERALDO,6,DEPUTADO FEDERAL,1155,11
ANDRÉ DO NASCIMENTO FARIAS,6,DEPUTADO FEDERAL,5116,51
CINTHIA BELINO OLIVEIRA DA COSTA,6,DEPUTADO FEDERAL,2022,20
GILBERTO LINARD ROCHA JÚNIOR,6,DEPUTADO FEDERAL,1919,19
TERESA CRISTINA ALCANTARA PINHO,6,DEPUTADO FEDERAL,1139,11
GLENDA MARIA ALVES GARCES SOUSA,6,DEPUTADO FEDERAL,2026,20
NARLIA GADELHA DE OLIVEIRA,6,DEPUTADO FEDERAL,9030,90
ANTONIO LUIZ RODRIGUES MANO JUNIOR,6,DEPUTADO FEDERAL,2255,22
EUNÍCIO LOPES DE OLIVEIRA,6,DEPUTADO FEDERAL,1533,15
ALDIZIO ALVES BRITO,6,DEPUTADO FEDERAL,3355,33
MARIA ZULEIDE RODRIGUES BRANDÃO,6,DEPUTADO FEDERAL,1959,19
JOSE JERIVAN BRAGA BARROSO,6,DEPUTADO FEDERAL,2000,20
FRANCISCA MARIA DOS SANTOS CABRAL,6,DEPUTADO FEDERAL,4423,44
FRANCISCO VAIDON OLIVEIRA,6,DEPUTADO FEDERAL,4455,44
FRANCISCA ANTONIA DE SOUSA SILVA,6,DEPUTADO FEDERAL,1118,11
ANTONIO CLEDMILSON VIEIRA PINHEIRO,6,DEPUTADO FEDERAL,1855,18
INGRID NAYARA DO NASCIMENTO FERNANDES,6,DEPUTADO FEDERAL,2090,20
ENAIDE PAULINO DE SOUZA,6,DEPUTADO FEDERAL,1421,14
ANTÔNIO RODRIGUES DA COSTA NETO,6,DEPUTADO FEDERAL,1999,19
